titulo,descripcion,tipo_usuario,prioridad,etiqueta,que_salio_bien,que_salio_mal,observaciones
Estudiar para examen de matemáticas,Repasar álgebra y cálculo para el parcial del viernes,estudiante,urgente,Estudio,Usar tarjetas de memoria ayudó a memorizar fórmulas. Estudiar en bloques de 25 minutos con descansos de 5 funcionó perfectamente.,Empezar a estudiar el día anterior fue muy tarde. No dormir bien afectó el rendimiento en el examen.,Siempre empezar a estudiar mínimo 3 días antes. Priorizar los temas con más peso en la nota.
Entregar informe de laboratorio,Redactar y entregar el informe de práctica de química,estudiante,alta,Estudio,Hacer el borrador primero sin preocuparse por el formato ahorró tiempo. Revisar con un compañero encontró errores importantes.,Dejar la bibliografía para el final causó confusión sobre qué fuentes usar. El formato APA tomó más tiempo del esperado.,Preparar la plantilla del informe antes de la práctica para solo llenar los datos después.
Preparar exposición grupal,Presentar el proyecto de historia ante la clase,estudiante,alta,Estudio,Ensayar en voz alta tres veces antes redujo los nervios. Dividir el trabajo claramente desde el inicio evitó conflictos.,Un integrante no cumplió su parte a tiempo lo que retrasó todo. No tener un plan B para fallos técnicos fue un error.,Siempre hacer un ensayo general completo el día anterior y tener el material en la nube como respaldo.
Leer capítulos del libro de texto,Leer y resumir 4 capítulos de biología para el lunes,estudiante,media,Estudio,Hacer un resumen de una página por capítulo ayudó a recordar mejor. Leer en la mañana cuando hay más concentración fue clave.,Leer con el celular cerca causó muchas distracciones. Intentar leer todo de una vez fue agotador.,Desactivar notificaciones y usar la técnica de lectura activa subrayando ideas principales.
Completar tarea de programación,Implementar una lista enlazada en Python,estudiante,alta,Estudio,Resolver el problema en papel antes de codificar ahorró muchos errores. Buscar documentación oficial fue más confiable que foros.,Probar el código solo al final acumuló muchos errores difíciles de rastrear. No comentar el código dificultó revisarlo después.,Hacer pruebas pequeñas después de cada función y comentar el código mientras se escribe.
Preparar presentación para cliente,Crear presentación de propuesta de diseño web para cliente nuevo,empleado,urgente,Trabajo,Mostrar ejemplos visuales concretos convenció mejor que solo texto. Practicar las respuestas a posibles preguntas fue muy útil.,La presentación tenía demasiado texto por diapositiva. No conocer bien el presupuesto del cliente generó expectativas incorrectas.,Máximo 5 palabras clave por diapositiva. Investigar al cliente antes de cualquier reunión.
Redactar reporte mensual,Documentar los avances del equipo durante el mes de noviembre,empleado,media,Trabajo,Ir anotando avances semanalmente hizo el reporte final muy rápido. Usar una plantilla estándar ahorró tiempo de formato.,Esperar hasta el último día para recopilar la información de los compañeros causó retrasos. Algunos datos no estaban actualizados.,Crear un documento compartido donde cada miembro del equipo registre sus avances semanalmente.
Organizar reunión de equipo,Coordinar reunión semanal de seguimiento de proyectos,empleado,media,Trabajo,Enviar la agenda con anticipación hizo la reunión más productiva. Limitar la duración a 45 minutos mantuvo el enfoque.,Sin agenda previa la reunión se extendió más de 2 horas sin resultados claros. No asignar responsables para cada punto no generó compromisos.,Siempre enviar agenda 24 horas antes con tiempos asignados para cada punto y terminar con lista de compromisos.
Revisar y aprobar contratos,Revisar los contratos de tres nuevos proveedores,empleado,urgente,Trabajo,Crear una lista de verificación de cláusulas importantes agilizó la revisión. Consultar al área legal en puntos dudosos evitó problemas futuros.,Revisar varios contratos seguidos sin descanso generó errores de concentración. No tomar notas de los cambios solicitados causó confusión.,Revisar un contrato por sesión con descanso entre cada uno y documentar todos los cambios con números de página.
Capacitación en nueva herramienta,Aprender a usar el nuevo software de gestión de proyectos de la empresa,empleado,alta,Trabajo,Seguir los tutoriales oficiales paso a paso fue más efectivo que explorar solo. Practicar con un proyecto real pequeño consolidó el aprendizaje.,Ver todos los videos sin practicar en paralelo hizo que se olvidara rápido lo aprendido. No tomar notas durante la capacitación fue un error.,Practicar cada función nueva inmediatamente después de verla en el tutorial y crear una guía rápida personal de referencia.
Pagar facturas del mes,Pagar servicios básicos agua luz internet y tarjeta de crédito,comun,urgente,Personal,Configurar alertas en el banco para fechas de vencimiento eliminó los olvidos. Pagar todo el mismo día del mes simplificó la rutina.,Pagar cada servicio en días distintos causó confusión sobre cuáles ya estaban pagados. Olvidar una factura generó intereses.,Dedicar el primer día hábil de cada mes exclusivamente a pagar todas las facturas y guardar los comprobantes digitalmente.
Organizar documentos del hogar,Ordenar y archivar documentos importantes como escrituras garantías y contratos,comun,media,Personal,Digitalizar todo con el celular y guardar en carpetas con nombres claros en la nube fue muy efectivo. Etiquetar físicamente cada carpeta ahorró tiempo de búsqueda.,Intentar hacerlo todo en un día fue agotador y quedó incompleto. No tener un sistema de nombres consistente dificultó encontrar cosas después.,Dedicar 30 minutos semanales a este tipo de tareas en lugar de hacerlo todo de una vez. Usar el formato Categoría-Fecha-Descripción para nombres de archivos.
Planificar viaje de vacaciones,Organizar itinerario alojamiento y transporte para viaje familiar,comun,media,Personal,Hacer una lista de verificación con todo lo necesario desde el inicio evitó olvidos. Reservar con 2 meses de anticipación consiguió mejores precios.,No investigar las condiciones climáticas de la temporada afectó la experiencia. Sobrestimar la cantidad de actividades por día agotó a la familia.,Investigar clima y temporada alta antes de reservar. Planificar máximo 2 actividades principales por día dejando tiempo libre.
Reparar grifo que gotea,Arreglar el grifo de la cocina que lleva semanas goteando,comun,alta,Personal,Ver tutoriales específicos para el modelo del grifo fue más útil que tutoriales genéricos. Tener todas las herramientas listas antes de empezar ahorró tiempo.,Empezar sin cerrar el suministro de agua principal causó un pequeño accidente. Comprar piezas sin saber exactamente cuáles necesitaba implicó dos viajes a la ferretería.,Siempre cerrar el suministro de agua antes de cualquier reparación y llevar fotos de las piezas dañadas a la ferretería.
Hacer limpieza profunda del hogar,Limpiar a fondo toda la casa incluyendo áreas que normalmente se pasan por alto,comun,media,Personal,Dividir la casa por zonas y hacer una zona por día evitó el agotamiento. Poner música animada mantuvo la motivación alta.,Intentar limpiar toda la casa en un solo día fue agotador y quedó a medias. Empezar sin los productos de limpieza necesarios obligó a interrumpir la tarea.,Preparar todos los materiales el día anterior y establecer un horario de zonas por día de la semana.
Aprender a tocar guitarra,Practicar acordes básicos durante 4 semanas para tocar una canción completa,comun,baja,Personal,Practicar 15 minutos diarios fue más efectivo que sesiones largas esporádicas. Aprender con canciones que ya conocía mantuvo la motivación.,Saltar al siguiente acorde sin dominar el anterior generó malos hábitos difíciles de corregir. Practicar sin metrónomo afectó el ritmo.,La constancia diaria aunque sea poco tiempo supera a las sesiones intensas ocasionales. Dominar cada acorde antes de avanzar.
Actualizar currículum vitae,Revisar y actualizar el CV con experiencias y habilidades recientes,comun,alta,Personal,Pedir retroalimentación a alguien del área de recursos humanos mejoró mucho el resultado. Adaptar el CV para cada tipo de trabajo fue más efectivo.,Usar una plantilla muy elaborada con gráficos causó problemas de formato en algunos sistemas de aplicación. Incluir experiencias irrelevantes diluyó el mensaje principal.,Mantener una versión base limpia y crear variantes específicas para cada tipo de puesto. Priorizar logros concretos con números sobre responsabilidades genéricas.
Estudiar para certificación profesional,Prepararse para el examen de certificación en gestión de proyectos PMP,empleado,urgente,Estudio,Hacer exámenes de práctica semanales desde el inicio identificó las áreas débiles a tiempo. Unirse a un grupo de estudio aceleró la comprensión de conceptos difíciles.,Estudiar el material oficial de forma lineal sin practicar fue muy poco efectivo. Subestimar la cantidad de material para el examen provocó estrés en las últimas semanas.,Comenzar con un simulacro diagnóstico para identificar debilidades y construir el plan de estudio en base a ellas. Mínimo 3 meses de preparación.
Investigar proveedores alternativos,Buscar y comparar nuevos proveedores para reducir costos de materiales,empleado,alta,Trabajo,Crear una tabla comparativa con criterios claros facilitó la decisión final. Solicitar muestras antes de comprometerse evitó sorpresas de calidad.,Basar la decisión solo en el precio sin considerar tiempos de entrega y soporte generó problemas después. No verificar referencias de los proveedores fue un error costoso.,Evaluar siempre al menos 5 criterios precio calidad tiempo de entrega soporte y reputación. Verificar referencias con otros clientes antes de decidir.
Desarrollar plan de ahorro personal,Crear un presupuesto mensual y plan de ahorro para los próximos 6 meses,comun,alta,Personal,Usar una app de finanzas personales para registrar gastos reveló patrones inesperados de gasto. Establecer transferencias automáticas el día de cobro eliminó la tentación de gastar.,Intentar reducir todos los gastos al mismo tiempo fue demasiado restrictivo y no fue sostenible. No tener un fondo de emergencia separado llevó a usar los ahorros ante imprevistos.,Empezar por registrar todos los gastos durante un mes sin cambiar nada para entender los patrones reales antes de hacer recortes.
